{"stats":{"minecraft:picked_up":{"minecraft:oak_log":12},"minecraft:used":{"minecraft:oak_log":12,"minecraft:oak_leaves":5,"minecraft:enchanted_golden_apple":1,"minecraft:birch_leaves":4},"minecraft:custom":{"minecraft:jump":241,"minecraft:damage_absorbed":40,"minecraft:time_since_rest":12443,"minecraft:damage_taken":30,"minecraft:play_time":12443,"minecraft:crouch_one_cm":1536,"minecraft:leave_game":1,"minecraft:sprint_one_cm":22630,"minecraft:time_since_death":12443,"minecraft:walk_one_cm":3791,"minecraft:sneak_time":855,"minecraft:total_world_time":12443,"minecraft:damage_resisted":10,"minecraft:fall_one_cm":6500,"minecraft:fly_one_cm":186402,"minecraft:damage_dealt":17},"minecraft:mined":{"minecraft:oak_log":12,"minecraft:oak_leaves":7}},"DataVersion":3953}