{
  "minecraft:recipes/decorations/crafting_table": {
    "criteria": {
      "unlock_right_away": "2024-07-05 17:02:38 +0000"
    },
    "done": true
  },
  "minecraft:adventure/adventuring_time": {
    "criteria": {
      "minecraft:old_growth_birch_forest": "2024-07-05 17:25:59 +0000",
      "minecraft:beach": "2024-07-05 17:05:04 +0000",
      "minecraft:forest": "2024-07-05 17:02:39 +0000",
      "minecraft:river": "2024-07-05 17:26:26 +0000",
      "minecraft:birch_forest": "2024-07-05 17:25:49 +0000",
      "minecraft:stony_shore": "2024-07-05 17:26:29 +0000",
      "minecraft:savanna": "2024-07-05 17:26:31 +0000"
    },
    "done": false
  },
  "minecraft:recipes/misc/charcoal": {
    "criteria": {
      "has_log": "2024-07-05 17:03:54 +0000"
    },
    "done": true
  },
  "minecraft:recipes/building_blocks/oak_planks": {
    "criteria": {
      "has_logs": "2024-07-05 17:03:54 +0000"
    },
    "done": true
  },
  "minecraft:recipes/building_blocks/oak_wood": {
    "criteria": {
      "has_log": "2024-07-05 17:03:54 +0000"
    },
    "done": true
  },
  "minecraft:husbandry/balanced_diet": {
    "criteria": {
      "enchanted_golden_apple": "2024-07-05 17:26:49 +0000"
    },
    "done": false
  },
  "minecraft:husbandry/root": {
    "criteria": {
      "consumed_item": "2024-07-05 17:26:49 +0000"
    },
    "done": true
  },
  "minecraft:recipes/misc/mojang_banner_pattern": {
    "criteria": {
      "has_enchanted_golden_apple": "2024-07-05 17:26:41 +0000"
    },
    "done": true
  },
  "DataVersion": 3953
}